{"cameraMode":{"drawMode":0,"name":"Shaded","section":"Shading Mode"},"sceneLighting":true,"audioPlay":false,"sceneViewState":{"m_AlwaysRefresh":false,"showFog":true,"showSkybox":true,"showFlares":true,"showImageEffects":true,"showParticleSystems":true,"showVisualEffectGraphs":true,"m_FxEnabled":true},"in2DMode":false,"pivot":{"x":0.9068425893783569,"y":2.5174202919006349,"z":0.5558075904846191},"rotation":{"x":-0.15810108184814454,"y":-0.4421461522579193,"z":0.07949691265821457,"w":-0.8793172836303711},"size":5.495136737823486,"orthographic":true}