{"cameraMode":{"drawMode":0,"name":"Shaded","section":"Shading Mode"},"sceneLighting":true,"audioPlay":false,"sceneViewState":{"m_AlwaysRefresh":false,"showFog":true,"showSkybox":true,"showFlares":true,"showImageEffects":true,"showParticleSystems":true,"showVisualEffectGraphs":true,"m_FxEnabled":true},"in2DMode":false,"pivot":{"x":4.269330978393555,"y":-1.391493320465088,"z":0.18456542491912843},"rotation":{"x":0.05360565334558487,"y":-0.9099259376525879,"z":0.12442399561405182,"w":0.39202117919921877},"size":3.328601837158203,"orthographic":true}