{"cameraMode":{"drawMode":2,"name":"Shaded Wireframe","section":"Shading Mode"},"sceneLighting":false,"audioPlay":false,"sceneViewState":{"m_AlwaysRefresh":false,"showFog":true,"showSkybox":false,"showFlares":true,"showImageEffects":true,"showParticleSystems":true,"showVisualEffectGraphs":true,"m_FxEnabled":true},"in2DMode":false,"pivot":{"x":0.007002688944339752,"y":0.030960362404584886,"z":0.007386377081274986},"rotation":{"x":0.11641386151313782,"y":-0.8705901503562927,"z":0.2479872852563858,"w":0.4086856245994568},"size":0.050000015646219257,"orthographic":true}